x,y,label
212.36185796724604,381.4740384426232,0
233.50683436715357,432.71754728602303,0
232.9420668488299,405.23854823412853,0
166.90154085166182,401.28501408215686,0
144.21816495664808,424.9895064245313,0
198.88362787790868,405.88052252684435,0
169.8111910297693,395.7822014863504,0
163.03589182384982,424.5166117021324,0
168.88880771215432,405.64890112870273,0
203.6489045457648,424.5489464050411,0
212.09806297623857,405.054742131602,0
165.6584108310687,409.1679326641761,0
181.35628305603942,420.15214634127415,0
148.3340415483847,393.07476315832764,0
178.48733175680752,425.24134950122954,0
172.93255223395659,373.6433019086916,0
189.14452022235795,381.8140469866092,0
203.9644587129091,367.82507161848366,0
179.23593107630134,333.73519085269993,0
156.82244669523968,352.65936731176726,0
196.85961407773192,371.52923859832475,0
189.93256947635422,336.19308890022904,0
170.62507624691878,359.85247240622147,0
162.3959537728908,369.7335051129564,0
147.28790021738394,336.4109471834589,0
159.52615821183687,348.4621705611776,0
203.73935854130477,321.010408763907,0
166.10985022042303,349.7107747846204,0
184.64006008640996,372.9463552506861,0
179.98515507756733,327.59005455760837,0
174.18517000273917,329.04609535305957,0
158.62708294285503,306.8591785688879,0
170.93760118128898,325.7640723842958,0
187.83466083641048,316.3531153951971,0
244.23616843726174,300.20924757815493,0
236.87858236727428,291.51335508457066,0
212.4955453326315,297.15925327700165,0
162.9951297997015,301.26210447673395,0
183.64886013614478,304.7537153212147,0
233.9565821914753,271.1690389706323,0
222.77390409488928,314.3793202352528,0
243.73304317088716,347.03453941387716,0
239.08296907543473,305.09022078351245,0
301.58184685437647,290.4296690159109,0
228.64805054453586,323.84952686040776,0
326.7651962943853,294.16566097820333,0
332.0323566522736,237.89402985271664,0
332.39162863309326,356.3576647935174,0
324.77343261545485,299.9461534445176,0
330.70850638422013,337.6833343826735,0
382.5820655347703,299.78844958059244,0
307.52241313573387,349.3429061320111,0
364.20085157695917,297.69483008947395,0
345.76886300288857,297.3803929616331,0
360.1309206030872,344.65402579797035,0
350.6752383273169,309.9243559561571,0
328.79077847907314,362.352677045927,0
409.66927376315493,376.73451004806236,0
358.2660625278478,325.0201440491978,0
395.51136808927487,344.29830012024155,0
357.38478587574804,319.48498960739533,0
363.4473109336878,357.7014081497771,0
386.35349084444414,360.3107899985078,0
361.2432242549004,336.8355276375364,0
359.893889716146,342.42707810315187,0
375.4625878051591,387.82893623717655,0
380.5251575516242,358.1380520363871,0
357.1002949694129,352.498398602492,0
301.3211997945065,366.338697780117,0
323.8317782055768,378.85562732800173,0
365.26617507535553,408.0199843156935,0
336.52849833889064,412.516094766396,0
364.8788930317043,412.5000135551343,0
299.32294531968677,423.93545068486026,0
317.40038534651876,384.85026137675493,0
265.67378390816344,401.549518928694,0
301.3676928504241,401.88967780487485,0
228.53103250779256,415.3462210340956,0
244.161689001912,389.6136357693892,0
259.8318385079793,368.7074945309894,0
279.6606281768721,426.53080525394574,0
205.46558547478725,438.0916042991664,0
208.53450283701451,390.3929544875243,0
218.7101114492711,447.4891880637927,0
220.82909763196236,398.12376304792747,0
179.59349648267374,465.5758866678699,0
200.92806224568096,424.98697096305045,0
186.1229687111299,455.300577264934,0
228.12152401546155,384.02838904020547,0
209.40768292037788,387.91885045405763,0
142.1013115131414,386.32954633819134,0
211.7706699244309,391.36996108008697,0
194.48826046116338,402.7580831295304,0
179.87381204339647,437.9650549209916,0
170.4579950847928,377.6682119472618,0
152.43995668394012,357.9824302501062,0
177.51901094718062,361.76266660210104,0
151.34446110586686,404.050083204923,0
156.09964462533924,343.41459818873915,0
140.8958631305591,367.72681210111966,0
167.567721513988,402.7708235228756,0
149.85415848088527,313.2608766689818,0
171.7727540179574,361.5211516824676,0
137.90903973937276,314.45761863299504,0
115.14522253941249,376.91323791256974,0
191.2037714784386,293.311693396062,0
153.26680905831577,371.44972434121945,0
168.28815159696663,324.6668080201341,0
213.58006662235593,308.65351401164463,0
176.88032858812144,383.6027791160313,0
177.48148324364348,290.92769199258976,0
143.82541116959638,295.1184869576496,0
206.7112968935144,274.4237273974459,0
209.68485169410474,315.7326371618228,0
175.51195271526572,310.6958035289221,0
184.8256449002135,296.0892757277274,0
236.23370826628852,282.1144645749756,0
219.40265303689443,251.21429014552342,0
178.5970212150211,249.66976505230127,0
154.0914763221787,256.6234646578545,0
165.47448943975132,255.6015224038283,0
175.40466392077272,295.29557763787216,0
208.28636946244382,255.8108647678386,0
229.0286316465219,257.9621427154103,0
208.0118305432027,235.85802458128325,0
236.74146503058668,202.9029298894373,0
204.1317666243954,247.76151828998977,0
267.5601723426401,215.7082374395623,0
200.86872968934767,249.96675775552464,0
231.33506593581401,234.66656596156128,0
246.360881382633,200.38406309892372,0
291.74085062775725,238.1282761508798,0
234.34306223465995,261.093068864203,0
272.5907876926148,239.88164072849048,0
305.85409704037323,245.45290268179704,0
307.2654159869758,247.40817528422286,0
324.28374628608947,211.25915783775372,0
242.01245869246694,186.24053025498438,0
285.1271297950708,240.58756008654274,0
328.6190960204597,222.15417809181218,0
314.4707986196413,258.7752164872667,0
302.31839308376277,262.6472880440016,0
315.0089249896183,242.32511522578932,0
318.05131799598763,269.1455805143431,0
306.65837303264243,266.061847359363,0
352.04251457938597,244.37016708640473,0
336.17105549621834,232.7044750426728,0
373.62029184554416,238.40655624232272,0
309.730447988488,239.22856557379168,0
370.7779435136599,273.7415360347471,0
312.7871395791902,294.33668144131707,0
273.6467824496002,283.7587249690971,0
358.8805733182565,284.2851104033269,0
329.23712521543325,290.6731845167477,0
374.8107976015117,289.4449219566165,0
330.00387499571985,300.8291462138485,0
348.94642233933666,344.47693931084495,0
379.46689864858996,318.62075512989423,0
332.7103312065235,324.9554120104918,0
377.33006130395484,308.5341523890749,0
369.1724694163924,267.680275650347,0
335.7695950820397,309.98844530365,0
394.24101649435676,283.04314849901544,0
421.52317849978664,307.0116332221319,0
373.5579395210367,310.5137812063698,0
359.0387741404941,341.3369249009521,0
408.12898189624667,398.0313011629329,0
346.09143096072347,337.0899778316285,0
352.3527818647473,329.7389058475785,0
362.1760109220072,339.12373784273166,0
365.1109662067607,351.3803564238994,0
378.1264229745178,329.79442471491353,0
328.38569752062347,362.44987647752197,0
385.48863833201904,344.3859444681239,0
342.890480081415,354.2504956403277,0
329.2718770750267,360.38783232643317,0
364.33366956806503,366.57193686344095,0
334.48112728317454,337.64359080376914,0
353.92033812732296,375.46112571039885,0
339.46483037353994,366.1175191252218,0
358.7419455261684,396.637104096235,0
317.2087879822085,407.29486945944234,0
345.01018756785874,380.4253543826696,0
337.25262706619117,409.0509590743705,0
365.6989507668443,379.75955574791135,0
365.7941203463556,367.31458695100406,0
356.49764410197366,428.46529397915174,0
323.61757236772854,365.5537596970563,0
325.9469628931804,401.70151452236234,0
329.2364614639829,412.58919853636746,0
333.42041696049876,364.7863568921615,0
316.3784544366825,381.4159668281204,0
364.14591710357354,416.65637502723825,0
296.2960660174231,465.24223368444007,0
290.7128180759781,386.69426085866013,0
346.38496370792046,424.1293630378228,0
284.700229833427,395.6052456505781,0
309.53992509505844,429.5872053439999,0
281.24903196549576,423.5774882809154,0
286.7546707001988,383.70637517174373,0
296.68717861678886,390.7488901853269,0
313.06097609347023,437.1756819449638,0
293.33424588972446,377.41295085772487,0
290.7792340198799,412.29159763549245,0
267.0931745029811,431.4369999416541,0
292.22980195859236,463.79825749689627,0
242.92104014946437,417.02908435240374,0
279.6066257139028,399.15146866395156,0
285.1189749754448,438.8705313017962,0
242.74278180789346,400.8749771968294,0
238.15156636419778,435.1327672356729,0
282.3045317727334,429.969967216472,0
209.26501336820752,386.5364063019498,0
260.6765414910724,419.8824551890625,0
214.99325631086083,395.5831694342363,0
175.9417941254215,461.9124947437617,0
250.57441496140274,414.5868922908551,0
207.57959205304155,465.50000350473516,0
238.9210009894784,420.1416567197031,0
210.2179849220912,430.35160456019065,0
222.46741763749986,425.9778837647309,0
235.45334745572387,408.4953953461114,0
176.5814960469098,444.8505579339729,0
188.99502201844987,410.76474527664465,0
162.78447359314762,409.5731207883807,0
134.9644002618806,388.71433374589867,0
194.3366663984955,391.89402574739853,0
181.48107486264635,380.8010950741217,0
150.6660815569351,353.1913536322048,0
192.9435697244053,334.1149255542695,0
170.949726911261,360.632488996631,0
200.28968417571383,368.38930673682984,0
144.98231066602918,390.79073460808047,0
190.09503419537856,350.2366031712712,0
156.89686830401038,348.72542989858636,0
189.23439082465535,382.98643807310265,0
137.15429429648694,361.85406040080983,0
149.7940535915603,309.76669178421156,0
145.66591360483318,324.8816973108118,0
133.82845789406764,338.0868666273784,0
138.30037860670674,278.94909447804827,0
145.99500907583382,325.98155391885507,0
166.32959020720506,342.50209403098705,0
146.3922034072913,311.56465222252825,0
114.95829420903686,289.7269458923955,0
120.82375971915337,365.96188553529487,0
199.33022640485873,319.01104757564497,0
115.19412457994865,339.6557790959853,0
141.32452390034652,285.61513463458397,0
135.15104607192262,322.931802214734,0
173.00558924086246,304.87834322078356,0
119.4289469450132,286.5440423098763,0
120.58174372585711,268.058497116245,0
131.8972026627857,310.6204397575332,0
159.5986154664531,295.3467696039196,0
110.41964210085138,239.5275313815078,0
157.29079522530512,244.35882373367167,0
176.0099301411688,233.59941563827925,0
178.5500631674059,227.9700869991912,0
176.96030622172006,213.8075049554742,0
185.92416582575498,221.37542641769755,0
185.29025157417516,225.4412175022947,0
224.07450152975508,213.11959542884682,0
180.49568517831088,273.82759464612434,0
223.55576957979025,265.1446910186206,0
172.5261860903764,254.38517218573375,0
222.89390608147167,203.6380375861762,0
219.39492619424271,242.80125447858597,0
244.63889526542283,165.11220828461097,0
227.8307532409321,260.40821342692016,0
167.77765489856765,172.71325550866692,0
276.7530171745013,232.49083394253972,0
234.20743219815665,226.26883030558446,0
231.48132005968446,217.0861533071237,0
244.93967158389103,214.28395391514994,0
212.27733260801102,234.00126545354033,0
256.8928989956593,166.72782436995425,0
263.7367787955084,178.98651718890733,0
269.2641460571662,184.1994873421312,0
290.1006468155146,271.76754387161526,0
283.1578487316019,209.01819133809977,0
296.16756732224724,229.90641087934824,0
301.57384044625894,221.62257571757834,0
275.1375581035789,192.6769998047866,0
296.8241510672419,260.2368723123937,0
300.3064701044995,195.76450331733525,0
379.3766015826341,245.48932631158354,0
273.9353909032672,275.90003566246173,0
335.3782226118676,257.1070022836044,0
325.1292573418769,247.36398215977053,0
300.28840461216754,298.0449479423686,0
300.18295497746414,278.9064557453653,0
325.54819250903955,239.5448800199166,0
324.9117419346779,272.71502242541794,0
353.76770040054515,249.97828421843843,0
337.64025558785426,235.49560475097314,0
327.0236948700499,241.9130462595648,0
310.08916796040404,267.96385214473935,0
291.8734143504102,304.9734827030603,0
311.0326712322609,232.32527677669356,0
347.9979014194276,295.40735681482477,0
331.2570141673967,264.75147707423525,0
314.9875548305464,254.89438806468968,0
326.08754720686323,234.67557521521934,0
350.4200687031394,252.4874318125016,0
388.3423971036503,229.99388044274951,0
337.4082501721266,295.00270078941065,0
324.63306606043574,304.661549142954,0
358.5132986527507,353.8498986342645,0
341.5296942650792,270.92050433479426,0
379.7553729813363,256.4936879566638,0
341.54106086351896,293.55278385243554,0
337.8904669343836,305.54108185289834,0
343.4446919910968,266.1636028267569,0
318.96120644638137,275.2932727944849,0
368.7492771040249,284.01458704365973,0
348.63641925663234,289.1120654941492,0
369.84954925694456,292.92994144408044,0
312.27020949543953,367.996136677418,0
326.4599610993558,344.6319389195221,0
377.4532471929009,337.33158882247307,0
327.35826743332416,311.47705512838985,0
360.99697524897397,297.48577862717104,0
352.58425963793206,363.8876311381497,0
365.82627252197415,306.60209925268913,0
336.8391784874952,361.60521999727086,0
371.7274684903145,381.640941324051,0
326.9894181400196,338.98925011654296,0
303.31466890501497,349.30761354061656,0
354.14978570111333,410.7177424018808,0
305.7562633370575,359.8969408449898,0
322.70450337894874,328.49485784274646,0
313.63586548245763,377.18408437783484,0
311.81744083862014,375.0071940937863,0
308.87531006236094,407.1388444374511,0
264.51519417579107,362.4136751067658,0
275.27489098855136,389.35059498217663,0
263.11910764946754,387.853575242335,0
232.43617130474308,383.03581882104993,0
246.9481933458801,358.2490785267756,0
263.9108935700931,379.54450376659867,0
249.1081898955821,349.4926623419302,0
223.78677826835613,327.2873759618458,0
198.51253408030502,337.5376097233665,0
195.5020391048916,315.31280141973184,0
226.07893217208937,311.0396873334012,0
181.63744870222519,362.2089460358438,0
234.74209477928724,312.60836968259565,0
220.51875474402578,289.6759323420046,0
178.45334492058984,350.2452618652647,0
169.6409937091192,328.4663962066132,0
212.07895090764436,251.2966647502214,0
209.3390011221553,290.68046598411655,0
182.5530409663216,256.1052920630102,0
213.97040334704548,254.7054373385727,0
190.765125462261,259.25574107274196,0
260.7592432184765,307.7847502156239,0
233.2451462824667,232.72849129250085,0
233.2040870446868,303.80056440044575,0
284.5256685077686,271.6919727714302,0
242.74243775788545,317.54903686126215,0
234.2462727599419,260.54736751609846,0
308.92676618889516,311.41275909156514,0
302.1563826049925,283.9560434579555,0
280.7886750749453,292.80200384716346,0
296.52443493108785,298.36536397349005,0
281.28001141396106,329.79915464481644,0
239.64162550714752,307.7470378171656,0
311.4512868866715,355.40282658465065,0
257.26690987895586,371.0563529138411,0
241.246191392503,332.36021350451745,0
269.6477979984246,330.4887428803154,0
314.38387388779154,339.1814835593971,0
291.38731999802354,395.74061298216407,0
257.0867500240875,343.4776309932869,0
280.5097696167795,341.10606138178633,0
243.2621611934897,361.62786844556103,0
278.37308746367427,368.51611193518346,0
230.10511074679266,346.7109986747047,0
257.939684358375,329.75903311441846,0
234.46987839460374,308.2731053349057,0
239.4908357037767,358.84837396647504,0
246.53859695106271,370.3143900319263,0
227.3878524868918,295.09651203069575,0
272.30090147222546,323.67526774403933,0
224.30414430858553,310.64096494740664,0
254.52482210097588,321.7994081089239,0
268.55953550384754,293.0566137144187,0
279.75351644393123,302.6693103145959,0
312.02577002347783,330.5019498919923,0
269.9145304080689,288.16707764657156,0
251.28019988212702,382.64911892216077,0
307.9318273049375,313.79958070033047,0
276.4377614375385,382.18641207104014,0
283.2399548896256,356.8023952538123,0
252.10560680386698,359.4567235984231,0
266.83716199677855,425.198716444419,0
202.23231820047198,387.5707586762743,0
262.9748777296938,380.08157559504474,0
283.2903279034873,342.96942263199156,0
260.8455285707561,391.9650419336324,0
229.07801416790153,344.8439408555373,0
241.17691095300097,378.2039847141338,0
208.68712501453265,326.67928513062395,0
210.10422020657037,344.9168014122716,0
188.88864214083316,345.71723579431705,0
208.86805807214574,387.7587837787067,0
208.97170806092902,354.17778943952,0
177.4975347309269,356.988289804621,0
203.20652593595918,352.6975262443093,0
218.98181567376207,365.48373471390846,0
214.8325995181973,362.9315755646059,0
212.3669785767441,321.531409084866,0
231.11502591456622,320.72297866088815,0
155.73627293122007,340.1653004232311,0
177.1900641369778,306.3846840440343,0
168.97198534313478,302.503093305927,0
134.82802224654282,324.1509777311361,0
179.62268587840632,264.59559419734745,0
240.95881304432635,277.03446343657095,0
190.2041810629698,325.959964877184,0
159.81025785147466,227.46342375614074,0
156.06274661771633,277.0705901358983,0
235.73442889271405,244.8668577845151,0
187.26269134369014,275.91570575128446,0
187.00496598682963,275.9641832598183,0
263.1664658855075,289.7827783562035,0
174.97494275683087,208.34724614127055,0
206.45744331404373,254.43000679567115,0
138.38231022788582,234.1345947199223,0
214.56835245060586,257.34464969433486,0
182.20776693430943,251.94449231301806,0
187.55529467031744,230.1635608031487,0
194.8393319409366,266.68441863011014,0
244.1440963824234,244.4223321256587,0
225.2493822968781,194.5096930150608,0
242.2912504890382,190.65002837048166,0
167.8418498761328,214.94957735298397,0
226.33488962850603,205.83816089072002,0
251.2318918016863,197.66753820444217,0
254.67641257793426,191.1149805036498,0
216.48534823084728,196.09611549740578,0
234.53452420382993,195.17812584213686,0
265.55848497545907,197.8738389006956,0
307.85611758502586,198.39456200514434,0
292.71984692782985,212.22442099193893,0
248.0187149522791,178.873159525377,0
257.66366415422954,154.240572282777,0
222.52200575036676,197.0451510842185,0
268.72085889042296,219.180379580436,0
249.18678531043136,197.9256630437103,0
240.43026999462882,206.17918983126083,0
274.2653886294596,188.5227151434584,0
281.11173667420593,223.92435321412046,0
314.68775465977535,198.99452482315894,0
298.8230016394236,192.8570859066444,0
334.1619071769581,185.33282488083245,0
324.4889680568329,165.84783697241687,0
319.7985549525976,181.8879084508249,0
340.83102333504166,177.59205219425183,0
364.25329933559647,232.69280830048854,0
375.0980400817911,185.3254807505529,0
338.0197660704402,209.94845145272757,0
391.5366820278125,217.63133892548035,0
380.95975726473176,230.15233428963398,0
384.98234918400027,229.4779399630326,0
342.07818747651686,249.9785665848112,0
382.2739460788762,240.68164198146127,0
345.7842543880296,231.9685835314877,0
315.9760958486134,267.49317388630436,0
385.8945462848771,221.04593205344798,0
410.1630164499494,218.11851975448496,0
430.79051489906516,248.46777568615886,0
437.0748655843292,250.50647895445434,0
372.05641777614267,298.7705130967395,0
478.9012499319103,298.8401853330778,0
415.4774566406241,282.22999102350036,0
342.69537861093573,281.8023268261397,0
379.89127209476624,252.7735820366416,0
399.925132374506,321.39012843392493,0
379.7358965945029,286.5907302753417,0
371.28263994870366,243.41939444340926,0
377.9757244530829,250.52301864330175,0
441.6881848651136,238.51004402163937,0
418.52378112140434,316.81705717885814,0
398.46718597654876,277.2076558557188,0
448.985737667379,311.0496438553829,0
349.3091614010761,350.2798180883136,0
417.3409216126388,302.3679760256416,0
487.52216842931495,284.11072664355527,0
401.5552248108205,274.3461223136353,0
409.19726822309593,304.2379116667723,0
439.69917822010734,277.2414862094339,0
380.5525039948716,311.0376881772105,0
402.3616983877317,379.95596100980913,0
417.4452514166684,340.2527549205285,0
425.10150900653537,299.90912126522073,0
456.31301574482853,357.25397565303365,0
424.9803696832462,380.7238307087407,0
409.1111624761869,366.39882754743496,0
445.98183634464306,365.95091261151833,0
375.34172565528354,351.1026239378617,0
430.8828769807511,331.4680033070824,0
453.77862747935023,363.51247777789615,0
475.07965271586875,375.3550229286486,0
442.1856045452545,322.56525873474504,0
473.04258773914484,370.60740964664603,0
505.9878077103024,378.93769247705023,0
488.3625532541909,372.4783399073878,0
494.01059619954947,375.4035782508479,0
458.1902526448496,420.9720575224928,0
459.3483917726304,337.94929730873247,0
459.97950375280755,391.1823522751472,0
425.92297064654144,363.7241191125771,0
475.2199857974654,376.5650573855848,0
416.59298489350476,378.76324521068113,0
438.64402016616776,369.91154981575596,0
446.25355886142125,389.322219468126,0
463.7697885312086,419.767242614883,0
473.3695159738374,423.22657992865527,0
486.0172126551734,348.1807205172806,0
440.06963586720144,385.96704467496363,0
444.16431275358775,394.3436093903201,0
456.4340536868268,347.66637199892773,0
425.55476311027337,374.75229723702415,0
445.4454132006051,392.6248945927073,0
462.71536480515806,373.0630423591383,0
451.9938758483813,414.25852709766036,0
486.160431043321,377.2330011287147,0
453.5318368873398,396.03102762429535,0
525.652476530907,377.72262585767885,0
510.52784506274605,430.6296990819749,0
462.7544120888396,431.99858873919743,0
518.8247770685063,396.8268659514812,0
473.4935003939327,397.0963086718981,0
498.4390345729837,413.4274927146074,0
443.74950852513,417.5974089147521,0
526.7267710116481,408.0718297004896,0
538.1309729181985,410.7623303929201,0
517.2693071310488,394.61024287764053,0
538.1475203309379,426.4234993537091,0
516.4463621530032,413.3664470410496,0
522.4056851378504,400.3126864156958,0
505.05633314229704,388.9152749620233,0
516.8235211433708,407.0511050523932,0
514.9333361464161,394.2792506446195,0
548.600393240026,404.11362403371277,0
531.280925431641,368.56811284028333,0
528.1989998459259,410.5268762307391,0
573.182176778564,408.4978993170155,0
521.6308152766152,376.29669565965855,0
515.4602304881893,466.5471536741627,0
540.2373777608902,430.68938829174346,0
527.4894275756028,386.59021668187086,0
502.33935577266,403.92504560691236,0
529.7591766434908,413.7439779646953,0
572.8954561684468,379.8228646589241,0
504.3426216634868,406.03246581338595,0
525.0276607413897,447.12518058924763,0
539.6791408658878,403.88992772700755,0
590.7415083207284,389.82968031711334,0
533.4741803475043,413.3950590577619,0
543.6735412652421,418.0824863779808,0
548.3387901456355,377.6912771096128,0
566.7430587643447,465.927349701164,0
572.6791114154009,408.6150817975251,0
572.4872571045328,418.6782036161944,0
614.486871781956,412.82554610921693,0
610.5105178057803,376.44079545495805,0
593.3171554897859,454.51860655864203,0
573.1327022682793,433.2347874985593,0
594.3450980309559,386.96342645244744,0
577.9370262308229,446.00617301903674,0
593.0103466010838,435.7810810074354,0
607.8481881139984,431.0613036576605,0
560.619611906351,383.07217987312663,0
610.0400377425864,430.18731680162955,0
564.3464155368109,418.70177438814426,0
605.355567458021,375.84132094430925,0
586.4286657796796,406.8097639749053,0
607.0290774269905,370.14956398403126,0
617.5411229148195,392.7276064743153,0
612.541244278811,357.4277302648113,0
617.307022492047,393.3938073670349,0
594.3448954449547,423.2624601904279,0
606.0450925474927,392.8994860823615,0
609.202636338124,424.36754915885314,0
591.3890285549353,412.29247880684505,0
605.3456571455016,388.23504819178527,0
590.8870660320067,372.1116537968865,0
635.901838264463,358.2052144935006,0
594.5748101910392,416.06600879676284,0
625.0402992596875,416.67590214850617,0
589.0666236455696,432.9150996096065,0
622.3706623550354,413.6709291932647,0
689.6724906919032,412.2255055895206,0
629.5604291621755,412.79372821075924,0
612.7864315934112,429.44864259341387,0
588.7359773980585,411.30226470426635,0
629.5916273133653,382.23888084928535,0
590.7441110595018,391.08419286638434,0
546.6701112904516,406.0495190789011,0
558.6453810642807,386.0410410553976,0
558.095423199194,397.76946096263316,0
487.5305309531437,444.84059392492327,0
488.80892128799866,394.66720168738357,0
506.4683492921941,392.8154859750286,0
487.4550806353411,354.9205668104172,0
449.20863832437607,411.6959916211884,0
461.20696458684114,353.75836577636903,0
406.6516626562944,385.96728418908737,0
450.16207224485424,363.51866610213233,0
423.91334487084055,389.6081785843395,0
428.00121885474147,344.5835804329297,0
423.3925664677268,350.9182694686267,0
386.6044555001754,344.8345250245157,0
391.39189960757415,309.88472500791795,0
365.07484586982656,342.701633978859,0
395.33934044444334,326.987352464673,0
364.8900787462916,343.88593462714476,0
378.7465689386796,307.55749296237104,0
402.628752576601,338.7421174419154,0
369.98677174568496,355.5610076831169,0
372.61403103015994,310.55232442127505,0
316.14085901189526,352.75062019437974,0
355.5154606292284,315.0687550866569,0
367.72592569266635,324.89311141389186,0
422.6341772189019,317.66303956127865,0
364.908634024848,325.18498300487533,0
375.8801868033695,394.43063191919,0
375.1019345351802,348.4146155659764,0
404.3902699718629,375.5112754468066,0
403.97277946207356,350.7343292177461,0
405.9437167430495,353.80043514436585,0
352.4327824215732,351.9430580464951,0
386.8669932683692,318.08225530750855,0
394.84583253398733,392.06865136566597,0
376.4226900026054,361.4752834519825,0
382.7100428044331,367.54614301333993,0
366.457839642178,432.9793290939766,0
390.5567610461886,411.4813583630737,0
405.4773593358408,395.18783120339947,0
424.9069168475729,368.8030824460312,0
440.82877561738275,391.3533628948537,0
430.1403955394897,391.33165538222215,0
455.12965639126816,411.8367300568292,0
483.5923522216123,382.6215215140975,0
413.47712108593294,395.9737391813086,0
441.16534860640314,413.8522993286706,0
438.2468409789072,354.31275887523014,0
467.44801294350754,397.67295778026164,0
468.5073335355231,372.3938357832386,0
491.1321591144274,370.59812450516165,0
538.271403321759,452.3688165165371,0
516.078441081978,417.40334278266096,0
491.5286064171797,460.7056064841513,0
507.901089482691,418.0019969491809,0
509.8746037679795,465.0493644573521,0
524.6719229931225,416.10304427195865,0
533.2059860495388,428.0344920927445,0
503.0266812744213,394.54308186290916,0
519.0491256208005,404.8043074218065,0
539.1046331292658,455.18392182504607,0
549.8404583078308,423.62777763502015,0
569.3539785422392,469.3861572559688,0
511.2581758168527,420.7998768989014,0
550.7905733430267,500.6237445946172,0
524.4631424749027,447.92571487847306,0
527.1239838590266,427.82660708886,0
507.97488587184654,437.90135436549,0
533.4401832513018,413.4969533905173,0
502.66193334017953,404.7641473539628,0
460.4302035673965,431.1562281354717,0
508.6206308728261,417.57672517709227,0
495.80021645953497,397.7652479947343,0
498.34176283097304,389.6275458049974,0
482.0129599674883,434.10759301047244,0
429.1049180851528,413.31208117815885,0
464.45651286612065,432.15695807436714,0
435.5844503102758,420.12086799750324,0
462.51586516312415,404.54357143681773,0
455.23547936737526,392.97345442347347,0
436.37903012567665,412.1198262771867,0
379.41253929839417,402.35787569627905,0
448.38908049508984,345.4455705388492,0
437.36296750806287,351.16349248083714,0
394.1640150054752,376.9856187571233,0
426.8382031270944,367.69234890364055,0
424.29769572308714,420.85503752961614,0
411.40695014371937,378.92340985235796,0
366.4093796404273,376.8370930336429,0
327.4840179305249,405.4512872828195,0
336.7967292853633,346.1394221046597,0
354.8285152536594,412.28212412025596,0
367.91818023945194,332.22680567979637,0
327.14758834734556,398.2866687800905,0
395.7593357254493,382.356797528712,0
364.4059360307236,312.8687187745963,0
377.35985431408477,349.2315297292697,0
357.58077025389423,399.8774722478715,0
376.9900203346038,351.37753016611265,0
342.8141091563636,422.1450018401196,0
387.43893167580745,336.15569511272923,0
362.4981648779123,398.99004708008687,0
400.30162745440504,419.17902630599446,0
429.3207633555948,383.79900128333816,0
433.950308598786,391.07687295339394,0
437.6129822547551,426.38742938863334,0
438.7711436391381,400.64952471162223,0
412.93140552653045,398.1899869039651,0
465.9170459401054,450.22311738628696,0
485.1440162045659,456.566719718389,0
473.2550343807008,441.36360360250103,0
498.29575163934385,372.6777035079084,0
492.96028080104327,435.11144486943834,0
476.9626227174281,434.62067135624574,0
489.0385210805403,406.5933399433303,0
532.4414199100024,428.2865389948856,0
497.4568437848747,421.71763852686485,0
569.3839344505377,429.16880861404354,0
503.7963027628162,374.546429351951,0
553.4113278350428,439.65768446908294,0
532.3877584741105,425.81230343873244,0
536.219257123666,403.7640893766812,0
520.722952095645,406.0155673628774,0
606.1179117532416,448.2587513013524,0
540.2537454385713,430.09403338989455,0
596.898088283933,439.15655213924026,0
617.7255860324806,396.5729478043553,0
606.3425311851648,407.2937655748311,0
616.0572169008052,415.1786498991114,0
634.2543345413831,393.0291271004853,0
581.4932391778458,399.3056767865858,0
643.4559724007905,392.073627272804,0
621.7064432298773,417.2657585234871,0
670.6747666181292,443.2046543053767,0
641.2441509700408,415.00640770489997,0
612.54261219479,406.87154884709486,0
634.1712226732532,415.82182281692667,0
660.8173993327271,416.65005584512033,0
662.5407928965417,426.6992739174867,0
649.0202665866315,451.446400610748,0
637.1146631135988,444.61405165394467,0
648.4984648055125,427.56326075298506,0
610.1903293420959,399.94151953458146,0
710.0766603050395,474.28161804774135,0
653.1260376514275,398.15324733959574,0
681.9484106700799,399.869088773561,0
669.1352112959293,426.7599234078152,0
649.7299393284931,480.17605032180336,0
630.4494945690477,441.1145735335307,0
697.3987398836313,431.4156603503414,0
648.8218340783345,439.1272686373376,0
687.8063311560765,467.1155866016247,0
654.0121564638841,465.24754537097436,0
688.5616772071888,467.5706118032626,0
693.4336204600198,484.37627999371443,0
731.5155219823819,469.56631159017206,0
725.3334649835597,431.86155478403657,0
713.8784291977163,467.57153802726424,0
707.7064193282058,458.54090138420554,0
718.8272279811014,441.4010445360695,0
691.1268176125365,489.4622248735728,0
664.5412159948363,440.9225315102632,0
726.7876013454156,453.70975545672616,0
665.0624136315878,468.862669754328,0
666.6010052263802,456.36404591895376,0
727.0523841455804,502.83103874956544,0
677.0243574563859,489.2912227786886,0
669.8386662701319,404.1332880210176,0
629.5232535700763,452.0733170270454,0
579.9142225964,406.8534328185593,0
604.7425958134032,450.502022689871,0
569.4649654917067,409.6395508184045,0
554.3569114606521,408.64750063146664,0
466.84168284305775,399.9824885843419,0
542.6236143715075,355.89922905330815,0
444.3838600543139,371.5882470731103,0
456.4937424975653,331.65218308952876,0
502.92784814004705,365.4867864437747,0
466.9623972722987,291.08600082469934,0
407.4670522566785,290.63476239446214,0
436.7522261209012,369.8381266924559,0
417.327258673277,303.5103264471086,0
407.3949959045595,291.5631200210115,0
392.42307748190876,342.21278795365413,0
397.5986007403719,263.4915807299521,0
367.5668902062993,282.2899955221718,0
413.38041062157475,288.9258001930285,0
373.26686203702354,247.65422950558303,0
363.9309199336339,263.169307534131,0
399.6927901610333,291.69970519502397,0
340.3650419119079,263.6952072167834,0
339.71682570688995,290.54759527600334,0
382.5424139037007,267.5353108439488,0
385.4770579607136,257.29353238457463,0
385.7887340229679,302.87480962617684,0
371.7879305969206,252.30328280553934,0
377.9578806955171,257.43942646084247,0
378.621186666689,298.67439198531036,0
408.25394647234526,280.5212109432722,0
444.88950840417357,306.3324877286692,0
452.32815688055075,338.6560396694094,0
474.5428414368244,323.99785138144966,0
389.3339451990515,326.33717387729473,0
472.56100710145046,308.40793567984434,0
452.4607062961337,333.78670969676887,0
440.31881604569315,340.5468063654573,0
473.25729135031804,360.1955151437135,0
461.72237027847814,378.8530316787595,0
488.11024383517963,359.020079718235,0
494.68519517701714,320.7398706385036,0
496.473614204571,398.8659892331259,0
489.0705752129884,390.01146651437284,0
507.05198308788795,364.07617924118694,0
519.3629015609603,380.8566838118523,0
535.163122402721,358.0819104018311,0
521.7104971716225,408.10867191284694,0
482.6533750683061,427.1262506947836,0
523.1616374244899,389.4447233436845,0
561.239754559313,421.0711679914665,0
488.4495836319666,349.63067724297014,0
587.4722820278879,374.78819649101507,0
530.6650414094557,417.6751887015914,0
511.30540854536076,383.1479511237422,0
563.935855701091,342.2264093859295,0
539.688493485621,412.70549380209525,0
538.6588766083266,400.5101058545162,0
506.63682156448397,362.652980207736,0
570.2306591737001,399.9881661213176,0
538.3108469973656,366.2886453234297,0
517.9840221143213,395.13375679264414,0
485.72295039853714,406.95363442572256,0
471.2367525965248,422.11283249621,0
512.7725048718221,429.80943671749617,0
507.9324507722339,407.913935727619,0
517.6808096191788,382.35887200176705,0
510.00207126269123,383.0395563542013,0
478.9278416703276,408.23259527196257,0
468.67768578599504,417.3874365133624,0
514.2837628764113,414.5055908744197,0
467.13197774388004,442.5648413995265,0
473.14351462883195,434.2994382876652,0
433.38668524155645,421.10561661814006,0
430.28715540906614,440.979385088393,0
477.2599376174322,428.22853327607663,0
459.4464257736055,429.7646681565891,0
475.84910710008876,369.78239644685016,0
445.7097811291966,410.5817336295098,0
445.5157224400265,411.69835914543415,0
428.288994333188,412.709017705689,0
433.7314071480733,413.41458677387766,0
397.21887935018464,413.38536124490673,0
416.18104132257696,406.1543640451612,0
353.3861874380454,414.8433901359316,0
358.35627921696425,409.6257938447844,0
325.1204191437256,377.6080374145023,0
357.63477966353474,423.911834495322,0
374.84252818499635,443.6193626678628,0
354.7879918810604,436.1200874983723,0
363.402624021788,447.85911735926175,0
368.9350743673423,422.24374533261204,0
315.01785060552004,408.47694556160866,0
313.23084307866225,435.37024040231995,0
309.5720723549639,407.9214834924626,0
307.1874032110276,415.66886469265273,0
313.95417255815073,419.2048500237163,0
314.28386949301876,402.58406423162285,0
307.9623943827757,411.1278130267888,0
306.32161466201535,402.8112450244044,0
364.49476792978646,420.03607427365404,0
352.59078415158626,381.70474764184337,0
360.4504551709676,385.1070100552101,0
376.2373281827502,424.5186253390056,0
427.80325187428593,462.46623093764475,0
372.4804014043397,426.9797075932794,0
394.8603264011197,408.73799103176975,0
419.7623471092809,417.5833385567626,0
410.40844677158213,450.9346467488747,0
430.4750125543412,391.6151181674763,0
422.439894067313,431.5558649755783,0
468.5834648272774,432.26813967742623,0
420.78919765690904,441.6793198545341,0
457.35308113157237,439.394319307982,0
467.8298044846166,401.9398030993879,0
460.74472449551644,391.56465757943596,0
480.04695924807356,423.77021011553313,0
418.22179863202194,455.2849963804388,0
508.28602147047144,436.03906437031014,0
492.49983666441716,442.00682617594407,0
451.6844371327722,469.8491943292773,0
491.738863630558,443.21478364441236,0
447.14338920662385,405.1358771971783,0
454.288751955937,442.21098868991703,0
460.20482845421645,413.19668396621876,0
383.2514556170303,425.2890495657122,0
408.76142626052933,393.76420600719734,0
397.88494354798286,397.0018273423392,0
349.6419529483244,423.99684732926596,0
327.4027627154596,337.41262786423465,0
349.93750659041433,367.18644704035717,0
347.20029736867303,401.1282893272425,0
342.1290671975074,382.6399942074892,0
285.1091865001143,364.1454630957476,0
293.51996487526736,394.75661194394615,0
307.231804973828,349.27858360340963,0
283.9301460687926,358.61237586565244,0
259.4196702483267,342.96340401142527,0
289.1819041848222,353.720619112774,0
294.6205470899737,339.9226268993401,0
258.95393579308984,382.9836878193066,0
243.82950827217195,324.94345538558423,0
265.0255438791585,330.6780882710468,0
216.59166605143136,342.1368171673862,0
239.10462220449563,316.5080730865597,0
237.1720976596951,294.7553948234325,0
216.26253627617297,388.9093307074376,0
233.25517063287558,298.5649903441336,0
242.77751967096341,309.09208296975896,0
208.42699518115094,313.97111338507204,0
264.80414963460436,257.615994101414,0
245.07292798914577,274.9637899993112,0
225.9308075356991,267.21786349145714,0
241.9420215028214,240.06745656400778,0
262.34756929186176,233.51852056626882,0
280.0028355192735,305.1809465046773,0
248.52140434607722,274.9507692684626,0
230.11089734784815,324.6561455711028,0
281.5651936756374,248.5571321678327,0
288.745127871817,304.65660175059804,0
276.6274154548841,260.3759393535835,0
294.3663026275984,304.31125542255313,0
369.4109792191272,290.08563452551374,0
354.71686718789687,282.05393165891064,0
355.97562298647324,304.42566144926616,0
355.35616312077275,303.8143124533566,0
300.5906529373864,280.7627851549106,0
343.61398551171925,293.42003146397235,0
316.7743292254629,295.598968457212,0
305.15756966444786,348.8486289014163,0
307.48089489381255,326.99795508635253,0
342.7751845160986,315.0662963608579,0
322.2762863361941,308.55509976334463,0
324.60756356583244,351.33713924442236,0
308.0862390028546,335.88281944299797,0
335.80873098934245,309.6299740414932,0
323.73117573292683,298.56224209027073,0
325.0212974773981,329.92375491315045,0
329.8689508002102,292.4415543059376,0
332.41312592572183,356.7246398381633,0
311.2529534100344,332.58667328786214,0
251.81729878756,352.84722217211913,0
320.954736955419,356.3104443878142,0
257.146609841754,317.780020967106,0
297.68427704726747,365.4612162367522,0
307.624091125908,355.12717239743097,0
254.84652614238377,381.41854865867356,0
280.9708931437959,339.61897485395735,0
286.2227619782771,330.7497491866419,0
261.99849581582504,376.90952461809275,0
246.21377179913227,384.7870280763252,0
295.73534038923896,348.67814285116003,0
249.4169022031643,382.2577128910209,0
256.83487939596785,407.4162419734174,0
248.93622660631817,405.9743114649135,0
261.5539879525994,343.21016244062145,0
232.59858939605343,362.14109683835784,0
199.10726767582173,415.6916646679006,0
206.66860247525833,384.2609407304799,0
210.76882235778635,368.4189217382351,0
200.93357139028177,364.92627237294977,0
261.5624190651517,396.7139204613107,0
209.1125091848685,417.3276238359612,0
216.52754366657868,378.78559310497974,0
214.14499894497692,384.29572916946785,0
213.64654620246884,363.91994265669655,0
201.9951326050702,359.564596455426,0
181.72967566426848,370.4527686629866,0
187.55862422621428,330.25570278855577,0
227.81991842873578,365.9223841929062,0
199.03066260193668,372.613545215221,0
151.44121025625498,380.98006001883016,0
211.2117002837825,318.5783310706149,0
174.5877540697382,341.92770570215373,0
184.20563816140162,355.1949958716978,0
237.4560544392,297.64667643837294,0
171.08317656320702,277.308187237932,0
154.3539085065134,374.3447388431631,0
202.89091730960337,391.86502743358596,0
168.75125089968049,315.4742202407207,0
150.64572029286373,332.0474084963975,0
152.47414731685302,329.90781056687456,0
174.15958920209516,353.3083771119818,0
187.29048681709446,359.7404191712337,0
166.19247972705494,310.63936735426387,0
145.08716759130206,303.96855962284275,0
214.59766065893157,346.22521235806016,0
201.25528536091025,319.74414403629703,0
202.77071597867177,319.05061546827585,0
165.27021408087347,323.4907189866457,0
168.8358580714445,293.4907206532222,0
216.31194963182074,345.7246052653706,0
180.82873615458377,316.05330472835135,0
203.2709975531717,291.9350574336702,0
142.95612897348306,270.0648957374982,0
158.06375438622538,304.15314009156873,0
169.00919483303295,295.9429890479108,0
177.20914359753473,259.4821807630257,0
158.53239034951127,289.86403313982595,0
177.80143100313884,296.49757817287093,0
195.69778245919042,292.62868857362196,0
134.0809783653505,295.270081801436,0
189.62666278865626,254.73348870789061,0
169.3945152800574,281.1069490511364,0
211.30406944697904,262.5596410346408,0
176.9812449729606,246.94777382813228,0
190.60335420770465,279.7361000696052,0
182.95863431513996,276.93140691595374,0
145.23326415216266,268.2050700062213,0
186.073913459197,285.4187692752646,0
183.58311483577916,282.33017874762015,0
173.1602011623691,258.62287477411155,0
214.02355142935485,313.94246480615845,0
252.2995019829994,302.99883409664096,0
265.5736590573787,264.5988803129904,0
268.83003901033504,319.29313028291085,0
233.4691089304967,274.5769671225806,0
236.90717276555586,341.62897483731047,0
247.49180443059575,344.69510920983583,0
246.6420277686238,340.3317092432999,0
259.7887501465636,294.34633123571837,0
297.1719900356608,365.68483462469294,0
230.7459462130937,351.8107786718078,0
258.847224466683,419.92759241395237,0
267.18289813622107,392.7682727376783,0
240.44867613489544,356.45250776442106,0
243.93174010552212,353.6614521145149,0
216.9529855743536,392.4150504458836,0
225.57587816908068,412.3421615835365,0
240.07165335616028,474.96883728365987,0
249.49467425280992,442.82187839290395,0
210.64045570224428,383.96345301162125,0
243.51223704510906,452.69280320811646,0
221.45299608182503,447.3278651658337,0
226.93876240375278,440.65834764583656,0
206.49499687770668,414.9622242125552,0
185.78310818692222,411.5777595833105,0
202.7540413576268,407.68931166349523,0
215.61808055841388,405.5649681742765,0
155.8829141895202,357.516790205014,0
217.22386261618087,435.69845791330295,0
195.92343332334568,437.31913685179876,0
147.54760877027752,393.65551066043577,0
170.4912884879895,432.21379500128603,0
198.9606656505386,398.8966825668177,0
190.14062412611406,406.8173117267919,0
142.45261713670385,453.7513858952997,0
183.54874327239077,453.7428659677164,0
132.23303682527404,415.05708170145584,0
171.08333165241612,423.5701319265213,0
169.1308740385777,423.293521369695,0
166.9670002078973,401.368537792472,0
140.13801306199295,408.266042800493,0
162.91356782733303,394.4888884832144,0
165.0399360831539,381.04543317635085,0
126.76575406321182,427.7597729344764,0
117.63056640050789,404.2267619431674,0
113.67918219258691,381.9203707000269,0
123.9277887834236,374.3780497436339,0
162.97061284189428,390.8670975425341,0
144.3860365014761,381.0216325344762,0
94.07083275541106,419.66899259467164,0
162.7139141597035,397.4507921780181,0
111.33245917412044,322.86790862781294,0
122.73345815718014,422.9650597944984,0
145.15457781602757,381.74041576473485,0
119.29387622966723,336.18693596821277,0
120.35067478344318,375.4479000193934,0
127.31998086216109,402.30625464026326,0
116.96855826775807,338.5208568925861,0
140.6490545441423,321.4715800655165,0
121.3360171818736,374.44204345649536,0
124.05860948454882,391.70297765449254,0
126.13085901522673,379.0442075392225,0
98.63609889272158,373.98913453472557,0
75.28959961330374,355.0054620034682,0
135.0888312734836,414.1219939356754,0
117.34920150714557,370.18739523884926,0
142.46751503386344,360.0927810785085,0
137.5178285002972,321.24329159931335,0
139.70191192258184,399.7001082530145,0
116.3320500286581,337.4599341910402,0
121.09861100902982,387.27007541888224,0
138.76944566084057,330.5389067627651,0
81.61179431764867,322.0741753632346,0
129.019581323963,335.63960567123434,0
130.06834293489604,328.1208139776629,0
100.33917599944682,333.0616018759896,0
113.01526728953982,314.26663437791973,0
93.54855170285171,323.27895741120744,0
67.79721296214527,347.8364243768905,0
72.83148071019201,321.7692848034854,0
76.36844478976285,287.744176434843,0
100.8905577394903,290.5568926835915,0
132.31533575366652,332.7119641953012,0
61.48637662818034,250.05524509738456,0
116.89574150657972,283.00669019452226,0
76.03766503157344,287.74964965612855,0
78.88152072120513,266.7817526451462,0
79.32067063586574,275.1553030243698,0
110.06613164917871,277.1066961273531,0
110.5269062966071,282.50052174507584,0
94.75546241130588,254.0447535150434,0
96.45999858424749,235.2571507267847,0
141.37430323237223,264.605068980815,0
97.76950315373499,202.03356980510284,0
132.80385871697214,238.65555552266915,0
114.60384182812845,263.59238079401973,0
126.08694448491377,212.94166310468125,0
103.26227853070986,240.4818354794341,0
60.92607670667248,281.50923866059435,0
158.57492668183588,227.4967453423124,0
139.6986912830895,268.3335211709009,0
108.6545853712176,242.62837538475907,0
102.57504485443278,265.1607072731765,0
114.75104567802387,243.30758005495034,0
117.70516831603322,251.2809923801572,0
130.30677013191965,168.3338812793554,0
97.77445585618305,195.18254447060986,0
108.95189190297485,262.34654021921887,0
105.90332348724509,209.3005129585464,0
153.47248844628868,199.45598162411278,0
117.70430706836336,191.67269191066856,0
146.51231293864151,256.89637974615164,0
206.2860437139478,186.04593985684096,0
158.9958472726267,258.04876303008206,0
179.40812844279503,253.58091275323812,0
160.6318278999525,230.83974015649676,0
153.1347254736495,240.73226579871,0
123.48700594817473,203.1389207660165,0
161.65390511963002,233.29759859055343,0
172.85340434713336,182.71451319381606,0
149.03361873843505,222.67172938342566,0
159.99687012030566,250.77328632458435,0
251.6633438795912,238.1225609945132,0
183.89768503583002,188.01583430094365,0
127.44224907267628,192.15999633776556,0
151.3133270013765,252.02626597202288,0
163.04652685506238,150.31697051541704,0
177.44835740035123,195.53229785587666,0
180.76285328260042,197.58614930647298,0
168.1354166180866,221.93537423008013,0
165.49128454668255,203.71201260836528,0
186.19593979853542,218.76725408452182,0
220.1585046495474,201.97152033013253,0
195.10281736862407,166.20380060959826,0
235.16509691072744,140.25361803871368,0
177.3479295201812,225.84651620735593,0
190.59474897320857,182.93439367594385,0
193.85571348784254,231.6516134581256,0
197.42943929085567,176.59874969457667,0
235.83672752249657,223.48821100698365,0
230.05009682781224,193.87223950534144,0
203.1740680720681,169.0316725220017,0
246.80325560260704,187.54146437708135,0
263.82212185098945,184.1199108804168,0
246.3530886025765,197.83240947665007,0
241.26217962074062,202.16313390051806,0
237.82819789416166,186.3195792247089,0
238.027544988815,188.9419705544122,0
200.63050837867826,190.02669214970263,0
265.5783460080005,204.4211985041942,0
238.10545919492927,207.09038558507086,0
296.7816780396212,175.4000120148433,0
294.2311483907544,154.37140279837433,0
302.6767807487367,151.51057243024758,0
250.81293810496817,169.11225178441452,0
296.94134527790436,172.9564425351902,0
310.34672363264394,160.88385932518412,0
286.5217959921783,187.06818000664867,0
328.0076939723211,192.75036053765388,0
327.6748401614586,146.4178453454066,0
357.459649106271,200.7832119901206,0
283.36794972916124,121.71272439599971,0
340.6588377248963,183.16129550353855,0
338.67470457953755,142.93849452511978,0
410.7210620732079,212.82758441451722,0
337.56443017338177,207.97326240513382,0
314.79212590380513,207.64818449311582,0
293.7209889170989,185.71903006555817,0
347.59136459771014,183.73704720700306,0
339.88567597439896,173.95506281377243,0
328.01649741309143,204.58929288835577,0
320.93268932255614,198.385532488153,0
324.81725686899915,204.71264524074797,0
316.38657331248913,169.23344734727152,0
378.75673603033954,172.2680361882567,0
349.80093515015284,224.46660974805542,0
330.9905460350042,156.2097771209228,0
348.1216270107453,206.99015750883547,0
346.06039171677736,188.3367573671792,0
359.6414338534385,218.08014763032952,0
339.8676611655894,179.37061399632256,0
351.28871585020124,203.27939578051604,0
372.0569017663922,258.95969419157416,0
388.50408173853157,210.11399814637969,0
360.039758963276,193.1064941670191,0
390.78197798506704,235.40939442266,0
385.0187103122691,263.967720000545,0
375.71400405088525,260.5806321132475,0
410.29060940790737,227.75426166193319,0
407.36138075294235,199.4249966646007,0
403.7912332652894,199.5669274521439,0
422.13629913357454,188.35011830175011,0
421.1223552169931,236.77281269350317,0
418.49938331971606,224.38409559886946,0
394.5985355693108,283.4288548909548,0
380.81036304113934,265.9533016868628,0
414.52088072315104,258.2488800215094,0
442.6450426896705,265.6773647087832,0
384.1493340562024,219.4322008287296,0
431.33478551105964,263.16285574202254,0
441.08059861978825,271.19735254100164,0
435.36987929009905,277.5361745122923,0
412.1754897832064,349.16354328255323,0
438.8120149997224,286.01318841287167,0
438.7402139766367,303.65177080316244,0
448.39637074750533,246.4410104662105,0
400.68834389982186,296.90308383818285,0
447.05672798685856,319.43259882170594,0
402.91125916209586,282.0865782529005,0
427.29913447634675,309.83769838523335,0
445.3880886923741,323.7798324332525,0
467.4298310060302,342.63989879727956,0
432.0984544091846,331.27536451848044,0
418.148011623653,350.3792506517394,0
426.08523493768564,334.17706413523837,0
439.07772594227697,399.8290385797639,0
408.8297188656884,369.60356197520093,0
437.36495406563165,393.88336578679787,0
427.53625738323996,318.5942512871793,0
419.4376207032004,348.92910693092153,0
384.6165708815978,399.0769312335543,0
435.76782208336414,368.9960757763581,0
430.5675498549582,326.3468103183741,0
400.45974195463884,398.1418454125994,0
432.9300616835019,432.00099835755543,0
420.8082352014656,386.74334292325716,0
409.0147379448377,406.7522049155447,0
431.0714961631842,402.45151671759254,0
438.68437673805386,402.43686980043987,0
413.7975965959325,376.1368706275465,0
385.8565967533119,360.70119648484194,0
409.79327049977485,417.72558402500033,0
398.40588759392665,423.53225094927654,0
407.22145489401214,399.0878362127094,0
399.73498696107305,432.91631294453464,0
432.18958522007824,414.20918889617104,0
399.356847997234,447.36633317320957,0
391.3117147848362,400.5658987240497,0
355.60927498519817,448.86868139102614,0
367.22491712058144,471.89258799709893,0
344.06085217916,415.1763581276122,0
351.6630966995258,399.9795568599887,0
401.4139377185714,437.6847097983519,0
358.6108605344457,416.44560569980536,0
399.62712914729383,412.40309861812443,0
317.69117514738423,430.91725805898693,0
340.73421832896264,447.94642260617195,0
304.45349572526567,458.0922101724812,0
374.41590737615434,481.0762894070023,0
343.9620947251043,492.09994123124284,0
319.80626706259596,447.2194202777339,0
367.3967833659151,485.98740063250284,0
318.6973101120809,421.9644735406142,0
356.6363338522355,431.70699243250453,0
299.4828465724918,447.07544118081313,0
346.0744541928987,482.9668579934791,0
313.62783097104295,462.3480846285763,0
318.0708857341248,462.203115968759,0
279.044132231919,475.3172962967333,0
347.01282190412695,459.981925831461,0
312.55534439398866,458.9796266728334,0
293.3365403281936,430.2407324843058,0
320.31247337772766,485.8902294695304,0
278.7085984082245,487.316486296541,0
268.01239784454884,440.4664998644329,0
277.42214619410953,444.2992946630668,0
264.84958113478166,445.5311229387205,0
298.3070460090031,485.49553238223365,0
309.44747587520254,478.84145258160316,0
272.82324529072196,450.72712184532816,0
244.1608575285624,484.23893751799625,0
250.2919890935681,457.63571786431845,0
263.7031897253102,460.1321047347018,0
229.46307084096776,475.1179097117667,0
208.45485832076648,482.25176441196805,0
230.97491097574795,468.70860974114373,0
187.74046855062758,451.9816122982704,0
233.42723279389173,444.8766817493602,0
232.89001227528505,485.54963429446343,0
233.35999073722581,482.87252358770036,0
212.42913199100633,448.5010144486082,0
240.85761214713003,455.76731675162705,0
188.10884071808505,428.5584695400121,0
163.12789672255383,419.0490712355584,0
225.98705648478747,504.0022924841146,0
180.49782490848534,483.0908554326197,0
165.51157039266292,500.1083246950753,0
201.0032298887513,477.0986318878057,0
193.7130646169962,490.0629875436078,0
170.29610347281493,456.5601321032327,0
211.99416868369164,487.5532297032014,0
136.47098927569354,462.55335386202177,0
200.69695442205133,423.1094912734452,0
166.60642224210278,476.0118700228434,0
185.25779453036264,486.0581565745907,0
121.06006242726023,474.73715559456906,0
116.11347312316718,432.45605335724383,0
155.8623528666114,465.4718379639971,0
133.99762454999006,481.70067634784715,0
140.0755975170444,441.45770965608074,0
164.44584440672452,465.2180158813692,0
157.19134613732427,469.5846114994797,0
193.8484403625781,396.0125147392279,0
135.98845338700957,463.14472162531894,0
138.01798599745632,429.4673940380473,0
128.36715687379757,414.707104502162,0
119.01918158019473,420.51409195743713,0
122.14142926389259,418.66363189854496,0
171.91959841043845,428.621361489338,0
145.45139441780424,407.7566239786599,0
111.31131938833225,447.6498677374482,0
98.64039329772379,349.07791250140133,0
78.26985340452336,442.5727840021658,0
112.6486377806527,426.2956176054032,0
108.82078069664162,394.14854402559547,0
123.42918061465602,429.64673767374853,0
124.28630176510379,402.7648646969562,0
148.24842785015502,444.3811319779418,0
67.31813925192428,448.37247728965497,0
77.86844978460317,395.70554762271536,0
106.51908201477573,389.2963891844865,0
117.77365887267946,339.7392632147817,0
127.36732087016416,383.27876786877755,0
99.89556649066529,394.36405140638453,0
85.28262003544877,375.43969682006525,0
118.10008566799354,404.20327375569286,0
98.270857351598,418.2179005086342,0
119.51298727435463,375.42695839379434,0
111.34328380985559,316.24476020235437,0
52.110819812844376,323.9827598831222,0
70.08387620639033,372.3167558362945,0
119.29977684438623,305.06303883545615,0
95.57309640673826,343.06643579712477,0
113.75274054851658,350.7689423020434,0
107.4282944791745,358.9699613807328,0
58.68968041601596,373.65587392024037,0
80.88515674849263,335.3344016793088,0
118.91551756666493,381.94748764304734,0
131.70107913479762,351.7106520429378,0
96.28136325688365,317.04696695541014,0
118.74984155572568,346.8061396439274,0
90.47432159288662,291.63954560921366,0
39.19862199243552,376.6371133215896,0
62.94230891589413,301.7172314634383,0
84.81379911995782,347.6516465890249,0
126.8959312171119,323.079906647985,0
92.12113549856336,372.99889377322484,0
80.21722687346636,240.15648870825214,0
102.68286806792877,278.7008378928649,0
101.80889700371965,246.24665815433048,0
104.4404196422955,334.48610040872745,0
97.53906304478497,299.6825536493215,0
71.27532239753691,261.9041058888038,0
97.45428339175061,256.1756440657223,0
102.32347576642194,301.93766785699637,0
93.7318251644705,286.76182571499857,0
55.17158236842551,282.8132376005756,0
77.59360153835809,264.9156515537179,0
89.25529475583812,261.8109882947916,0
83.82407316531699,283.557392018447,0
130.3934213350345,281.46759598455503,0
85.04862661853099,234.13883794784192,0
104.90113283466839,253.5031310909669,0
105.52669226140608,208.18452740028027,0
115.72192309295156,218.12267105552075,0
147.3411941364119,283.6626810061653,0
120.12004347823415,227.25962175747674,0
129.0678077222655,234.10005551182212,0
103.79139469635757,233.91707793648817,0
117.02478631051184,208.29830301041528,0
156.12260127292487,216.44744301153656,0
154.6550007399129,207.67670898508044,0
174.53674298744016,224.47353288303208,0
127.38454419687729,170.394637487424,0
156.4520099865468,185.36371276491877,0
135.710192051783,208.62313568245384,0
174.64079912048717,185.99256390744205,0
124.88725515485132,173.20085848866825,0
117.38769150445552,185.56890056964812,0
112.44109185862678,204.92276556916477,0
146.83146153943483,173.9062788262343,0
184.10322300829077,181.42986939952044,0
111.13711456252126,205.29237074445598,0
175.83019376228373,193.25401078976665,0
204.04252632406835,166.9445780580345,0
149.13384483323355,139.60327450965673,0
169.9910416653904,142.02299226687512,0
204.66979725981457,181.16809211166674,0
227.9703032449941,150.65022445932152,0
202.19793618024772,140.41412625115953,0
257.94504323440736,204.64897975039116,0
248.6134993955551,146.40945726318876,0
240.9268006024661,150.23313831150205,0
255.98525793357044,135.93646188264086,0
241.0213741037444,150.24943468325569,0
251.3604903406112,142.97607837390848,0
217.10035309880925,143.0815394057933,0
256.5529051197133,162.47683159254854,0
253.96167214381057,137.275700673218,0
318.245327809186,151.15525584450018,0
278.8678095319391,204.27556949061483,0
301.29483719787345,160.16275900555246,0
278.7841263885556,161.35331027739795,0
284.0921146378806,156.62590494422983,0
305.9804657033189,172.42150283482937,0
297.65972682444476,160.28124640663327,0
302.1177589390129,184.2810611176979,0
281.7307870438945,203.26318149254882,0
266.2892860799693,156.35503178933595,0
312.7653291001206,213.64865117423847,0
322.38156334750164,248.11142831302465,0
357.7031861891568,232.2855930473239,0
339.6354828356645,183.84868346537388,0
313.69301486989076,223.63768488118592,0
309.5281922631684,218.25269681096285,0
238.36256726650308,247.8045555289613,0
333.7649245874626,249.15875703583725,0
334.0215976536225,253.1921305875436,0
345.12445046103977,281.1282474827415,0
278.3610865957927,275.8844736936153,0
337.2775381127743,277.13583167839806,0
299.3130185790421,281.103468225112,0
353.4830162384425,290.9041107464027,0
286.13424126095947,248.02022115508314,0
313.5545016982123,296.8754746418093,0
320.0488126410345,265.84864853739737,0
374.35250508779217,286.73956028246187,0
294.7569460483073,257.8659764358638,0
304.80890320212853,234.713158271881,0
319.38554584929494,276.86432781320127,0
359.38990574386185,283.43950127396215,0
335.1565089472384,235.87278080847238,0
329.8654777323278,297.6158038861529,0
275.61517889375733,265.340954098333,0
267.4608859793257,222.2590386206187,0
308.76426859579004,311.47899547680987,0
251.3746006251474,255.1780458622178,0
271.97094592428647,262.1173745921118,0
257.2421932916974,283.5698379767389,0
235.2804219471465,218.688035545596,0
294.4087078036805,276.6981716112921,0
211.31867805556317,259.3539520945227,0
298.94929365607754,247.9150123515116,0
216.9384550249768,233.29727024429275,0
260.68145327982324,303.23589373603727,0
277.9097922538091,226.49421176088208,0
260.85569362327624,271.01339030911043,0
226.04956272687676,240.5420349302126,0
297.6193443237667,277.61201058597135,0
296.94419520844735,255.93950187678504,0
296.1438398331542,245.18154098401578,0
286.0546979211586,274.8118998361168,0
285.6272495609765,262.5226021672926,0
290.67016176402433,307.1928806281595,0
344.61838261248164,273.3252863542466,0
315.20276145793406,256.10622175352773,0
248.09837457923481,324.61410235955896,0
644.8987428529038,260.8968000453394,1
695.6700771712491,275.1656608257366,1
666.4639180275689,236.26577229949368,1
642.2002872718218,229.61085080068972,1
647.1415365772945,228.1816565203473,1
654.1410616340589,219.90940874998824,1
622.6626660771929,234.98272133423342,1
652.1493130420856,217.9238739609109,1
627.1363021403855,226.48394781187903,1
627.22761449668,251.78325076064516,1
589.393572078211,222.29428452727325,1
602.9881904073051,224.90905210295688,1
603.5033927622474,193.8527909115178,1
576.6341760750371,206.23264776264222,1
642.4645740787921,220.1228765681081,1
621.5056211384867,187.76287496354405,1
619.8903461025582,157.25887974171695,1
589.2355285740251,187.254608139185,1
595.1052375532646,141.82658451033393,1
565.876887147422,176.8045509311902,1
506.1398048698775,165.73202338144046,1
588.9159823950425,179.27431022929704,1
637.3909863354302,105.16697282622152,1
570.2567567289079,158.0981884744986,1
577.933460989011,133.1007411162866,1
614.2686947440735,156.2563400242039,1
576.7439652169298,122.61862565472285,1
566.8956367808994,93.4894786560485,1
577.2634717072436,122.59888926022325,1
574.0499336454675,81.62790453736125,1
604.531383150513,145.67122302499365,1
621.9580410431474,93.76068397913076,1
665.7642320840667,71.64347846002408,1
640.40728596357,83.96530458181053,1
649.6635100685033,39.56677380045892,1
637.5363936605609,108.92073018128781,1
648.8218004999269,113.32390963227607,1
685.9899434950745,70.91679128809585,1
656.6527033674155,105.93848583033446,1
652.0805774406624,84.22452883863457,1
671.2591149771208,59.22682079596416,1
664.6290364092346,43.267781990746926,1
670.4663900723982,72.55321993470102,1
688.5276135724747,125.65269813416018,1
694.3591259151141,103.19240684449011,1
677.6463325936435,91.84730211786399,1
695.4284834470537,64.43643818042818,1
735.9746982292704,129.02557190026278,1
717.4303575869038,141.10509004141642,1
645.443031664965,249.43952788152103,1
723.7110473619517,202.61108328670298,1
723.161460896637,130.79456726358478,1
681.4610556768461,180.35784061664606,1
722.2154972955649,180.46498001511105,1
691.1607173323353,187.88635945408572,1
721.4556708731716,185.69771011636618,1
639.5155795262788,210.8003711063758,1
650.9417597735019,217.93207613270812,1
668.6866815839362,222.4722490811302,1
661.614886874835,240.217592291789,1
649.4498313301972,185.68471389669833,1
660.0447224329273,158.40900057661162,1
662.4788456998359,187.10193862440212,1
552.445340825213,163.38086511461688,1
570.1836350762376,239.49680632556874,1
627.2939888694165,173.3267968375538,1
624.0673891948322,186.97577687828482,1
564.3922090579878,192.8896449812056,1
559.2558783854955,155.01898540343183,1
556.4781028360961,158.00691295778262,1
552.8620646506341,126.06807737107403,1
578.5399984278861,123.35882309134513,1
539.2870965726502,67.02547681972578,1
551.9630430820555,126.00185559740186,1
522.2941361262561,55.9061664023302,1
600.5049685423921,93.26981338076212,1
540.2567282981429,48.05568406487663,1
538.6223897758404,50.69568881596831,1
520.664619285164,21.646174731406745,1
509.2255189812387,3.2102944112170917,1
547.6501953180189,97.16738856070401,1
558.7988602436241,13.028988136136036,1
557.9048445715189,51.333463249708984,1
568.0559032617032,26.82546815340362,1
557.9797768455661,62.68390236307221,1
494.0216649003804,22.083468148586974,1
593.1194173338821,31.14778409933524,1
571.0202840380136,7.5528902643480365,1
550.4815467945823,24.196233517915232,1
571.8017061972744,31.658306799599245,1
631.8017672335791,50.896770614500156,1
671.9369559658425,31.251363770315834,1
651.0820727350032,84.78286712208234,1
682.9770656239523,59.15142220879193,1
697.2362810552586,82.10300510291279,1
733.6988437369805,104.57444563710595,1
679.2459372887073,129.17748029560812,1
698.5312146467754,140.80120380345113,1
672.1698157296652,120.54982195083574,1
658.2863188467068,175.06680161658363,1
677.8464845550227,217.84806160091563,1
609.6862721456696,180.98874811721913,1
686.852347228817,199.69411074396868,1
571.3091089233435,168.0188433992742,1
583.5261358655597,170.00859141056435,1
639.7347305615156,196.83512976410344,1
564.4098627369547,184.39733229033402,1
549.4406168757828,89.32953305179598,1
552.5474114137157,80.18052904150147,1
587.2930647844473,120.91393503966748,1
529.4856030020059,120.28629058946854,1
560.4553246839622,43.63015146921549,1
523.6047084770762,79.24320293122719,1
553.600694484642,19.007651119011598,1
573.8269658490053,13.858356172654567,1
550.0880157316269,25.00784910009253,1
609.5782175778097,3.6612271647285866,1
665.94333483306,208.14048522573773,1
612.0657728147336,274.5763250622409,1
640.6910448767305,225.56338960669768,1
602.7410671674322,198.60642658262992,1
610.8973003828011,208.37648674042447,1
638.5686482391967,224.14779056620193,1
592.9358948483008,200.64844688190607,1
606.983166243674,202.4974000532194,1
567.5469352637915,192.83582093308547,1
490.0901978295359,232.52609809373325,1
589.4036259200512,129.08202591035297,1
554.0662876218194,162.43883875816613,1
552.7927727877727,160.75461886656115,1
558.4407645490596,155.58177034122082,1
544.9679177954854,123.7549749151687,1
547.7085808591257,137.4755472728956,1
525.6304745532794,83.41768673371001,1
531.2161858756559,84.29891631108802,1
555.198393835188,54.688650832902,1
522.848532702979,90.75270669385276,1
520.5443991610052,102.01924219132093,1
558.0870709254037,49.66629614720432,1
551.8944235778836,35.01864744508356,1
592.9161313591147,39.304333635906744,1
623.3986246912336,44.5960333528497,1
577.602970354198,24.611025236618616,1
626.5098626455278,6.503985838993117,1
600.5378253887677,-2.4775632085091956,1
642.3009152189961,-14.589774214173303,1
625.1305618432077,56.45360405251142,1
643.0342666573711,65.57074109679513,1
662.78952434794,39.258375762140986,1
653.3962436624295,35.24740111340083,1
681.8107712848781,104.69763893608734,1
652.6694848925146,111.37422206722073,1
687.9294445184935,126.55284070281795,1
646.0677076636712,154.3427716162226,1
658.6271408348799,158.17708963545192,1
678.076089127755,131.87255804785605,1
643.9761519190289,137.11130092916136,1
655.7716182162566,125.29373897034304,1
658.4824857749638,188.61889029149972,1
661.9715257314588,198.904601243451,1
669.110697107441,197.34604498753993,1
651.594947315503,168.8378448524437,1
629.00263955605,122.19973161932563,1
643.0689312194057,169.8545645836581,1
590.016334032033,187.23587289955844,1
596.4951712282987,132.22615116604294,1
517.5251306494322,137.55407481343337,1
526.7185132921985,199.61799228182144,1
560.8451883630839,172.07554971560825,1
484.60262172337923,144.85964033822916,1
512.639288444999,122.39606067420414,1
454.82016939695967,140.32457705419517,1
500.83947717396796,69.4527992609838,1
494.45185453276764,41.781262805693814,1
448.87064829560984,33.44315676343615,1
556.7608253481272,32.03899240876683,1
544.1767357432595,59.95016980676479,1
553.8539430549773,32.75362803742104,1
525.0777965415575,93.42728464290644,1
567.2725076502056,56.63338351893964,1
593.176050878276,113.408716473472,1
542.4123516881065,72.11075431186549,1
570.1153246125732,135.90592560903633,1
550.7245955598247,110.30582099510286,1
604.0666572556057,118.39762583638645,1
558.7773590987935,137.30951256252013,1
531.1429404745567,176.15329287820185,1
519.6145663582655,160.46243639907703,1
542.1885238963141,154.91303472915024,1
555.0996274379504,201.32083101495147,1
527.5410461639432,170.8129104476381,1
533.4858899201898,196.13186705409146,1
531.3668982199155,147.80557837025253,1
529.4781760413205,173.46058616067018,1
471.75790043040166,119.65005329528799,1
485.2771550867366,135.09196869359425,1
429.3582757516258,113.28428671971295,1
526.0582835387874,115.12162086133145,1
448.005399363783,69.37350337363057,1
468.40514931407245,142.10164108199797,1
424.19610291496997,99.68877964199777,1
492.71481451888,90.72034082251076,1
478.1547460419411,60.277939065149894,1
527.8574073435908,93.3818036534733,1
525.6410455868108,40.477666982006554,1
526.9658214343895,62.891531820551506,1
573.326736289438,40.398192644540416,1
502.10116201304857,-35.21582156659997,1
572.4166516215081,24.773265571683623,1
561.6587978235646,36.00685637307828,1
608.8179800166506,44.39617360460619,1
575.4599144509534,58.20676339284546,1
640.2380428090556,75.94429113677955,1
597.8478956777134,72.0103857871265,1
597.7108503233499,79.03754121891325,1
617.2222522786575,78.30298782739402,1
615.8408381873878,131.2809112629579,1
607.7355572866737,126.2352030092814,1
601.1236401765291,115.92393964548302,1
600.9396868495493,156.76947880282637,1
666.4679789471908,126.45969824276978,1
666.4298795991032,162.63729369991904,1
654.4077114452759,201.8835700796484,1
627.7156584241923,181.50199555754273,1
633.0204384716885,248.28905358813094,1
613.8239875985709,254.08539200414918,1
642.4588153640345,182.62017752571887,1
569.7113590649332,215.7167234932329,1
613.8718889042607,224.3813094675832,1
602.1141687189361,178.9674476007679,1
533.7234586525396,245.1170093754455,1
605.4597663864101,211.46807246368832,1
562.4723030221503,195.61046049338688,1
554.4428313347947,235.291672121386,1
540.3385672041923,187.96003012764703,1
548.1671585513575,166.30483736347486,1
527.6316042900729,173.13882652672498,1
547.4894654309255,135.3982084356079,1
531.9296441445899,128.6938289635255,1
467.82733237499076,199.40902393194335,1
485.53458735459867,144.251634034267,1
523.3031614726771,149.18235492722226,1
504.2727295325413,93.51491554511534,1
491.3565874351722,118.89986763381557,1
458.43170461263907,119.72899999555847,1
461.9599899651433,90.73042177593538,1
503.84378515374704,109.97494956773352,1
486.3663736510467,55.54212952745485,1
487.78028959700947,97.00657031177872,1
483.87728268810696,70.47391620084312,1
496.6414102836193,92.17848973963402,1
466.6889979249009,125.94160142899995,1
555.319395960608,112.68273850321157,1
520.7412569037217,123.78981291244952,1
506.41362743933087,83.46455207899197,1
510.3915526270151,95.81553409859544,1
481.2131705764861,95.74417631887815,1
432.69172796176787,105.55525755800852,1
493.0893689499599,29.12384399677552,1
489.4530987418714,33.24102936486668,1
510.4043063317017,31.88354212581737,1
487.29529784844544,14.41428451869416,1
523.9545875647428,32.24907096845743,1
547.2628301170198,62.226100700570726,1
596.6190304366303,-7.41270711979638,1
578.7428653205046,15.973650689826627,1
610.2658232890878,4.8841296753497545,1
566.2120154187293,-9.290993098430192,1
613.657605227237,-27.63946411515019,1
630.5315835602617,17.343871766730672,1
591.1316300054325,-11.830675005656985,1
659.8703184934687,3.800928392256992,1
654.4371795991195,-14.48183928615299,1
678.5295117026176,-1.6475031266027713,1
685.5967287958795,3.570370158045421,1
716.3669972779935,26.02046808533038,1
638.3962917904394,26.188224704050185,1
706.138542373658,20.936826040412086,1
633.4409703222841,4.633074317521277,1
744.6023935990178,-33.430962507043546,1
689.6258752941129,-6.1797433351569,1
698.2078856824933,53.321761455966566,1
696.639988907734,43.7733892567926,1
726.435825616364,46.86819874282469,1
718.651633523101,45.41014144876874,1
648.2760064468819,105.59775509003015,1
668.9841364508991,140.2923140976311,1
685.3156480997868,142.01147738190969,1
690.5161509172017,112.62029822124276,1
682.2786073667247,123.09958389870326,1
692.4157401267983,157.8073346096147,1
653.4569611020881,215.62542580486928,1
652.8485635096536,134.71388690806788,1
722.4183823105536,171.33956962744776,1
666.587106225081,166.36947277517385,1
669.6088228062728,174.29905958700346,1
711.5829486647317,193.45094269087053,1
736.5260206565757,215.2131922785777,1
665.4699765662139,168.49059424096168,1
688.8930817190944,244.59328444470015,1
678.8342576282415,174.16123530762786,1
711.8597674747949,170.15412672841956,1
635.1591895179083,156.08605062356463,1
692.1465371906671,136.9854527657161,1
707.2799996857848,208.47792028032632,1
690.8934224549097,154.0784272674992,1
725.2671112587133,165.13253466997526,1
674.5772112583751,147.53569667885364,1
727.0694027104463,183.93440305814698,1
709.9515845461817,119.26193429729989,1
678.5183652924542,137.3870200196278,1
657.1750289272584,124.62649147976805,1
645.408975406685,64.84886726974162,1
606.6643752347584,74.43059182159169,1
611.6803106086539,51.16570586461256,1
551.0223223533883,78.55333739673966,1
539.2200692512733,92.45092046047301,1
529.2274795746767,50.426976101530954,1
558.1955477788366,94.37428609968788,1
529.0821934459254,98.03276829314245,1
510.38352644741923,125.43775972868485,1
470.7220148576715,166.72259728935347,1
522.4308530048937,143.86333802943955,1
501.27249024580885,163.9017227516137,1
523.402387446255,206.86380046123446,1
512.7426011629567,209.64522847131036,1
493.2768688132521,254.5462601090177,1
527.083601848875,224.3079001117194,1
624.5880120155496,230.34312205551112,1
570.5305125811028,211.15730211391877,1
593.1139870071917,189.02225434078287,1
585.2304796331929,170.4623610507163,1
630.0583571059636,77.59777953758862,1
621.495288818578,50.78167049034528,1
623.0141597083509,58.88093328658789,1
620.4356856754812,64.51701182980611,1
652.801666032514,97.35207175494224,1
655.7426306908859,83.6348543738485,1
629.1601091667345,52.56409221090314,1
593.1170036985659,105.77089625285993,1
644.0495292592398,148.86072840920667,1
583.3160696736031,75.72284699622554,1
595.0926845826987,115.95310942000293,1
617.914065740742,24.590396951262733,1
626.1640665000776,53.87426584834469,1
607.4206722324751,100.45741836399924,1
668.2737987758974,138.57860955151125,1
661.762393371995,169.62091223755505,1
640.6127841551228,127.20063506650791,1
617.9533688003601,201.5302742627522,1
616.6329893984807,204.40780693782312,1
643.3654512503326,202.8775945306159,1
586.6520769104791,231.44534309793676,1
528.3827986820975,150.4509678654016,1
552.178195990575,229.19512273112082,1
567.756005415606,170.6453698739524,1
534.6381506267098,145.42604137511375,1
524.9967009092716,163.11654853671325,1
544.3563600263819,109.54233311590895,1
566.9493104395006,115.18093850277461,1
86.982880473584,344.2654742602838,0
141.35553979717832,355.2330271705761,0
110.76803217438221,326.7660046654431,0
109.99860575982727,263.24713275584963,0
142.99406289539144,289.44111391509307,0
109.71191076440017,236.56082706864368,0
106.57930292439482,267.79073783560773,0
101.82406734379879,280.17621777764873,0
130.782899200707,226.3640500893688,0
112.52433715503226,187.8987240312955,0
125.38025910167165,185.66468970805448,0
161.42018690439554,214.2572806541022,0
146.6315100548711,225.17296561602006,0
174.80356351732618,196.39136199582924,0
179.81784639431854,230.11955662478687,0
188.57610837849413,208.46004063413977,0
213.73095987078247,224.5732591383943,0
283.5147934975394,232.41176652471682,0
289.5758269072478,247.84715554898713,0
339.4214924353638,267.93140446237635,0
381.4810232477182,308.7846510242198,0
371.083255287526,323.5573320710837,0
425.1373133088429,338.73629303873236,0
390.2261666203025,328.7644692394506,0
358.04971426626616,421.71108300586707,0
277.45068995713603,423.28892970749894,0
255.84505512348062,387.0104371877497,0
226.85180138920148,435.90470329887046,0
196.34509666798425,430.1890465510817,0
167.67144394314832,423.7995562010107,0
149.15447102439603,355.78906226741947,0
133.6429540138949,361.54188562962946,0
134.18209283605023,374.3809721205431,0
130.87858324071186,295.7086255722652,0
179.09199695002994,293.67387817566157,0
116.59695302026772,288.6208012116058,0
86.84855391571065,250.05241197722958,0
165.09805321100427,267.4335570485619,0
130.4559624252176,235.9792029253789,0
151.87913855094567,223.53815348562188,0
152.72797326126351,221.01996568916394,0
224.29999805709366,173.69263586500904,0
188.61199644532914,213.04067517693647,0
170.98787125299003,121.19876527151865,0
260.6007211237073,154.03960578381248,0
259.0083593642769,212.38834714914452,0
237.55472554724426,170.94862326546138,0
296.62535123394775,182.2763713382102,0
368.5126430113992,224.87377868839633,0
331.7745939022648,205.36991807754816,0
351.2674234644566,202.42707698498378,0
306.391371570454,237.58633734681024,0
303.4138445211724,243.5570200777998,0
349.58602337642617,260.12971097228893,0
272.05733020483115,305.68750028801213,0
275.2092302711269,323.806273511576,0
311.6542281426457,349.1666681922577,0
258.5000903468705,404.1572907728766,0
270.6085502492686,379.24024860899453,0
237.57391938377157,332.4991775490407,0
278.1098267005852,294.36844618486924,0
295.8093524759842,328.230086825665,0
257.5979434331933,398.4955586781307,0
214.30417318405534,310.9547500634553,0
256.900339512418,252.61568494952317,0
309.70235200393313,258.91791197142857,0
266.55413372500556,268.2215527853132,0
253.86171866598153,382.57990462933867,0
240.28889877514422,308.1812754364318,0
531.582982813093,146.07382568987447,1
521.505533168066,176.8880855231581,1
518.1461530150406,196.5985112135321,1
481.2474776762603,204.33432090246976,1
546.2146978428311,188.9403246140958,1
510.0057508984113,217.85253193823428,1
465.8294843378282,200.86921695654672,1
482.01605090012185,234.60105825803691,1
453.6226446352843,254.16107979017863,1
476.1160359620366,292.983101543147,1
414.4803605196711,219.5632914373458,1
418.84399328942243,253.07628817796046,1
474.690900737527,274.48462690831593,1
422.1704172878446,322.08018359998863,1
417.9181353105095,341.74298844295055,1
449.5737947469755,298.7719614679862,1
414.7532830276379,319.76424361846796,1
409.38336602700826,252.90394033503432,1
391.91833890616186,319.55364414021653,1
375.97684318605616,288.76000687463545,1
366.20240424090696,287.4318585252862,1
360.0242833484923,325.21007073702896,1
376.25624294699304,312.0036007886853,1
305.12495165624705,308.1352407874074,1
292.69491811401184,329.14995254178734,1
331.90478792299876,359.6920414531974,1
280.72935414307324,329.5058487113371,1
281.3357299165038,345.428584504564,1
284.29125006947777,305.950152982251,1
240.21563748923163,301.53193380335256,1
239.8966551110592,288.4925118743868,1
133.103325858149,310.90298984593244,1
214.46777127854955,324.2762665065809,1
190.5675597110509,315.59433577149986,1
162.83581324489194,268.59703496475845,1
154.0158027358934,266.7271196736925,1
194.99273238393866,300.99056071388463,1
180.18957487717879,282.87168119238225,1
147.71538304081173,284.98734320111754,1
185.98210713822178,317.1292182230919,1
138.97387286125067,256.76445222512933,1
108.00050814460408,256.162095673419,1
107.00493566988757,277.5157468571457,1
161.39755957879333,233.6516741820608,1
117.75052880358048,262.06884414937946,1
133.65773268994286,217.4256182790146,1
85.81308271071057,220.62286911916237,1
99.98122678144331,220.47921565426344,1
88.87100894635411,264.9660233280943,1
95.03426003176698,254.71131471052996,1
70.3174163782529,162.94304125900055,1
65.86727944872433,177.30256166644472,1
21.488168902194516,247.53197359952068,1
44.52923391543074,194.81279075771994,1
40.86723057647228,204.1050358221991,1
13.616044738541866,182.65453464901293,1
22.73858380774509,179.55035734681042,1
60.69272333527381,176.27097786455,1
27.80105567480101,155.4161628088758,1
44.16120916710168,184.04153085588422,1
42.88001896405296,159.25698811575444,1
79.92339496460184,198.50177636318915,1
74.32116249125144,215.8057738951876,1
102.49375504596331,196.53912951631548,1
151.28091529961054,260.55813036618207,1
116.53964246094696,184.0697568840406,1
97.72380437911973,253.88764186244177,1
82.3830970767365,224.11945386285453,1
128.12370804232089,258.70411342184406,1
144.8631879826953,273.53343362330736,1
144.14345100981643,241.83193702621207,1
164.12765416914456,255.85022954412364,1
171.38632744475612,255.1139215579328,1
203.2013424360494,263.6896171462898,1
182.8588526262141,316.7127781884784,1
188.56577772656794,299.39788733542355,1
202.87323157819938,271.2436120370901,1
139.4053755617145,307.7181885734774,1
216.31737426739116,286.61662631006845,1
223.18199099442808,330.31219586914676,1
276.33751487269774,309.1946204266395,1
256.8595060065114,382.48787383337697,1
258.247536785076,314.1107814690074,1
253.50717776771964,346.8125643532933,1
320.46716623131266,318.9701246098542,1
301.8083339586818,322.13690612943253,1
291.8953361783139,303.79110542268944,1
336.26465323159533,370.1428648991654,1
323.5575225714832,321.4952936952887,1
362.1806633491014,297.89100305825866,1
355.91035413237176,319.91759426084343,1
341.7735942452167,297.09625300421055,1
359.22572771405106,309.148599474085,1
377.65293101957315,374.9723540106371,1
370.2299454646061,354.2681544844315,1
382.19874780102157,348.0317063765657,1
447.9632178928339,268.50082382536834,1
441.7903281412075,302.6601102571052,1
470.8329985212858,232.97297864779182,1
459.29907822205587,262.53164738593443,1
499.9884510567557,248.0375858014157,1
436.8007962353114,254.0561455905518,1
477.01201938089673,268.1500889132635,1
525.5622767606801,223.5149355582879,1
500.6712926787375,220.71091402470375,1
541.7417382208102,214.0459248679711,1
520.8083336184369,165.06459874019168,1
566.7951774017162,155.24332096858535,1
556.9447332271109,194.21914258334533,1
560.6875413866201,152.85289555295373,1
499.99336263152964,162.06069625791338,1
514.6245810284511,202.16476515501932,1
511.9614261671237,190.4956815584789,1
465.65120007813863,206.20988362687604,1
443.729208800646,267.6620421185622,1
433.66687805101594,249.9419380083534,1
438.3961720746879,285.0594386205047,1
436.888591709787,261.17891134193417,1
396.7048809473217,301.7902089544615,1
446.476336941809,297.2876986784137,1
416.8789603633751,313.4458164289424,1
402.76341300809526,286.0455682340686,1
368.0133700045339,335.3169692934573,1
320.300584471677,339.9639828429126,1
300.65944601171907,310.51146701083576,1
317.0802956508283,295.8648687973407,1
325.06939695600715,312.17966871330117,1
282.4598906292732,334.36468131865513,1
321.1937521866661,310.6174980435326,1
297.22499557465585,359.47023903632817,1
247.22216722112617,337.7656177372513,1
238.44338128736493,331.80026838039237,1
236.31209958400868,336.99615871549065,1
209.13600122474023,362.74077020546184,1
231.8365475162872,287.9530461372748,1
159.70266986787783,291.5499873678498,1
169.29456704721332,317.19404929814965,1
148.9892437281269,315.04951267706565,1
172.0081673808074,297.16759157036677,1
132.77567608190378,316.14354761222114,1
123.08339379538874,262.7200245299683,1
115.86163260625793,280.836274449753,1
113.54342100283694,276.5080803871547,1
149.4525804662345,255.8420411427698,1
87.63473661352305,232.20963114048908,1
112.23363765431273,253.26089232941817,1
36.91526618313291,234.7657431248967,1
48.165039320371456,250.350763517076,1
101.61356222729158,300.19321143231423,1
63.86972980546427,236.70143204334636,1
44.97346874354052,268.6240179352602,1
20.341062193064804,219.18781976247573,1
26.854957317389076,193.43210515913694,1
81.08066626574849,228.5912262615542,1
7.368048813235866,163.18184758520079,1
12.731805813386812,186.4650752095506,1
-4.812049719102653,162.519446657578,1
-1.85669776863892,195.107004577574,1
31.38812971439427,131.68398876284596,1
10.363313325240307,144.06138231174305,1
10.80918532742893,156.69107506765488,1
12.850917237168606,174.38673835852603,1
23.63869392782054,152.56079483671385,1
5.373750369604339,159.42357254936485,1
-19.408508665418864,192.59065395993457,1
63.48515796261604,168.76974042628336,1
81.87660732436959,223.77153207922646,1
11.293609426878113,195.06921345447245,1
70.76656593473339,212.6581001079427,1
81.37325768340602,166.03539993330094,1
70.79985524802667,282.9824062056982,1
142.92311582047307,301.23919720926665,1
155.60856398245699,272.8145466281326,1
86.11095379708439,261.08026296353376,1
131.82297233919394,245.65395355622434,1
176.51274415084927,330.52775844071243,1
178.20101613337704,319.21071833811357,1
135.19391438498818,334.55610522446636,1
264.548389582635,321.4756016785101,1
255.65966418752294,332.69336082245906,1
230.56447762821293,310.76675557660747,1
253.58194431358004,329.8235336941144,1
246.80556934679612,335.732922996247,1
249.15928804594282,336.57641723945665,1
334.1819195016052,323.0336813441656,1
304.05798258154437,314.27949774127103,1
296.5907042191957,312.31110042307347,1
349.31151977993113,329.5443757808331,1
296.54378478834707,302.2117111830674,1
290.72386311636814,288.84887276413764,1
367.4054721783807,332.6832442776216,1
332.2813674578431,347.364404533146,1
385.0360566601016,299.7794318476182,1
412.91879027380116,363.5278540643069,1
474.0300421682684,339.2457165510431,1
414.5712863008136,283.4313366087229,1
448.3952568011663,217.59304662729426,1
468.7097149499359,279.0694611370013,1
484.56943132539544,189.60378103709775,1
486.6881739930668,263.0442422680879,1
489.8242717405737,190.64067723208154,1
502.0985064942481,246.3194609351034,1
520.2172164000073,202.32422566016902,1
471.8510237579393,194.4941422218422,1
571.4549704915559,216.2839095812032,1
503.509754348182,198.137685609649,1
507.2196697699645,180.16631375394235,1
509.33598162519877,179.3691793318576,1
555.0645195283112,232.74838165708206,1
555.3358754165607,253.325045631812,1
506.0094904646499,246.2325688926181,1
484.740779156531,226.5488759316966,1
509.97172369899704,215.91819338669592,1
420.34453287316364,243.68506157007084,1
476.60362920572106,340.9813850585168,1
428.9798340771048,264.4046655364706,1
357.1142746056988,260.8917171636069,1
353.0011272498844,302.1976108159073,1
412.17208346786026,369.2891189963879,1
405.8394061024882,304.4022465349292,1
363.93053088307727,332.64213557313536,1
349.5420867864547,317.0882342063902,1
284.86971287843875,376.81084061189614,1
299.47497344564306,327.43715348339356,1
344.30334740416515,342.5586770036467,1
229.8913503483562,349.51996988479124,1
238.44005699489443,354.0168035087609,1
256.61616727144326,339.23823283388117,1
222.2783061909943,329.56811567698384,1
246.9928850949055,336.7091644332064,1
170.27639798535313,315.1181949697364,1
158.36697254789806,363.76500059190005,1
231.14359352179903,311.4562665706472,1
169.32919887247175,334.4761921346736,1
178.12828832274025,325.31405526434776,1
151.79731193557654,289.0154791188254,1
123.27658477790861,310.2509738134389,1
95.24065805536009,273.2431325724392,1
142.01614634226033,285.0076303301066,1
102.83976101636244,244.77171317583236,1
107.05599727761881,272.67041403297003,1
63.59086747633044,292.46425632926355,1
90.89325347512207,257.0978448377853,1
50.983100534136426,220.02812593508986,1
48.12215581820668,265.2042394176252,1
47.176208513878365,241.1119637142471,1
11.65929307663649,246.49754001759493,1
28.44210343873174,206.15789665937194,1
-12.074776844824907,226.65179332771373,1
